{
  "scifact": 0.7696536869711722,
  "nfcorpus": 0.33401449718862986,
  "arguana": 0.4781930811503821,
  "fiqa": 0.5486424180849482,
  "scidocs": 0.30453518142260244,
  "MACRO": 0.48700777296354686
}